{
  "generated_at": "2026-02-26T02:06:02.451412+00:00",
  "data_path": "C:\\Users\\HomePC\\Documents\\gridmind\\backend\\models\\real_world_labeled.csv",
  "rows": 52560,
  "window_config": {
    "min_train_ratio": 0.5,
    "test_ratio": 0.1,
    "step_ratio": 0.1,
    "windows_total": 5
  },
  "macro_pr_auc_mean": 0.38313018098884116,
  "targets": {
    "overall_failure_72h_label": {
      "windows_evaluated": 5,
      "metrics": {
        "roc_auc": {
          "mean": 0.720606627097116,
          "std": 0.018955966085635947
        },
        "pr_auc": {
          "mean": 0.7391098455776247,
          "std": 0.044334099991726335
        },
        "brier": {
          "mean": 0.2119169691766162,
          "std": 0.004821534208166843
        },
        "log_loss": {
          "mean": 0.6133425804599163,
          "std": 0.008823522078252946
        },
        "accuracy": {
          "mean": 0.6081811263318112,
          "std": 0.06428545641474258
        },
        "precision": {
          "mean": 0.5853476735015726,
          "std": 0.07418298357899225
        },
        "recall": {
          "mean": 0.8810904589995319,
          "std": 0.09686719686681487
        },
        "f1": {
          "mean": 0.6967299207501076,
          "std": 0.050835891126971164
        },
        "ece_10_bins": {
          "mean": 0.08825115681285225,
          "std": 0.031393966060080276
        }
      }
    },
    "power_failure_72h_label": {
      "windows_evaluated": 5,
      "metrics": {
        "roc_auc": {
          "mean": 0.6317702916195479,
          "std": 0.096887674498521
        },
        "pr_auc": {
          "mean": 0.20795913698620566,
          "std": 0.11074688106416515
        },
        "brier": {
          "mean": 0.20891543600564214,
          "std": 0.05150413554120449
        },
        "log_loss": {
          "mean": 0.6059882730529562,
          "std": 0.11354045904033985
        },
        "accuracy": {
          "mean": 0.6794140030441401,
          "std": 0.15084680472554782
        },
        "precision": {
          "mean": 0.17924013046513193,
          "std": 0.09143647573258307
        },
        "recall": {
          "mean": 0.49107666986227205,
          "std": 0.2566470628154507
        },
        "f1": {
          "mean": 0.24826576476168905,
          "std": 0.12691119806425918
        },
        "ece_10_bins": {
          "mean": 0.31219933859995547,
          "std": 0.026766423889612676
        }
      }
    },
    "transformer_overload_72h_label": {
      "windows_evaluated": 5,
      "metrics": {
        "roc_auc": {
          "mean": 0.602071571656114,
          "std": 0.0745342159051936
        },
        "pr_auc": {
          "mean": 0.19455570986973283,
          "std": 0.060910080174740824
        },
        "brier": {
          "mean": 0.22112336366934526,
          "std": 0.05875455520693445
        },
        "log_loss": {
          "mean": 0.6333998338770506,
          "std": 0.12610387298207415
        },
        "accuracy": {
          "mean": 0.5337138508371385,
          "std": 0.1946910808067818
        },
        "precision": {
          "mean": 0.1665604215198231,
          "std": 0.0477424099863657
        },
        "recall": {
          "mean": 0.5902334010091963,
          "std": 0.24483570786558512
        },
        "f1": {
          "mean": 0.2482881856389724,
          "std": 0.05958276600936863
        },
        "ece_10_bins": {
          "mean": 0.3125510764026872,
          "std": 0.06708631791672048
        }
      }
    },
    "water_failure_72h_label": {
      "windows_evaluated": 5,
      "metrics": {
        "roc_auc": {
          "mean": 0.5583177648151768,
          "std": 0.0816539262669279
        },
        "pr_auc": {
          "mean": 0.14205392305017248,
          "std": 0.015508784457545945
        },
        "brier": {
          "mean": 0.2449546569215862,
          "std": 0.0033617501317672713
        },
        "log_loss": {
          "mean": 0.6824831788703205,
          "std": 0.006979684454601489
        },
        "accuracy": {
          "mean": 0.3001522070015221,
          "std": 0.1332400717565411
        },
        "precision": {
          "mean": 0.12754269864250187,
          "std": 0.017539025024574342
        },
        "recall": {
          "mean": 0.7983912776488482,
          "std": 0.1516794116905476
        },
        "f1": {
          "mean": 0.21752091908374044,
          "std": 0.023415754065964134
        },
        "ece_10_bins": {
          "mean": 0.3665942242621831,
          "std": 0.0252581385418757
        }
      }
    },
    "traffic_failure_72h_label": {
      "windows_evaluated": 5,
      "metrics": {
        "roc_auc": {
          "mean": 0.7729437670148184,
          "std": 0.03132090169947426
        },
        "pr_auc": {
          "mean": 0.6319722894604702,
          "std": 0.078990735798839
        },
        "brier": {
          "mean": 0.18792155916753256,
          "std": 0.01438204392000632
        },
        "log_loss": {
          "mean": 0.5616050099304661,
          "std": 0.032810478414271475
        },
        "accuracy": {
          "mean": 0.7326864535768645,
          "std": 0.026580448232507332
        },
        "precision": {
          "mean": 0.577483651191816,
          "std": 0.057830904460599394
        },
        "recall": {
          "mean": 0.6409957771592427,
          "std": 0.0953721972638009
        },
        "f1": {
          "mean": 0.6034122553280099,
          "std": 0.058423301993363035
        },
        "ece_10_bins": {
          "mean": 0.14519250870781703,
          "std": 0.031103633095459507
        }
      }
    }
  }
}