{
  "generated_at": "2026-02-26T01:12:49.603182+00:00",
  "data_path": "C:\\Users\\HomePC\\Documents\\gridmind\\backend\\models\\real_world_labeled.csv",
  "rows": 52560,
  "window_config": {
    "min_train_ratio": 0.6,
    "test_ratio": 0.2,
    "step_ratio": 0.2,
    "windows_total": 2
  },
  "macro_pr_auc_mean": 0.3625957396357277,
  "targets": {
    "overall_failure_72h_label": {
      "windows_evaluated": 2,
      "metrics": {
        "roc_auc": {
          "mean": 0.7259724589094378,
          "std": 0.0013891885177206853
        },
        "pr_auc": {
          "mean": 0.7169490871180182,
          "std": 0.006387926590809334
        },
        "brier": {
          "mean": 0.21050850803192644,
          "std": 0.0019073925383205625
        },
        "log_loss": {
          "mean": 0.6116200057509759,
          "std": 0.0004904577784817787
        },
        "accuracy": {
          "mean": 0.5504185692541856,
          "std": 0.027682648401826493
        },
        "precision": {
          "mean": 0.5204788144522953,
          "std": 0.010043689427684077
        },
        "recall": {
          "mean": 0.9137670169844516,
          "std": 0.077818372191299
        },
        "f1": {
          "mean": 0.6615237621790746,
          "std": 0.012421776262467155
        },
        "ece_10_bins": {
          "mean": 0.06215757338769512,
          "std": 0.013416921379153738
        }
      }
    },
    "power_failure_72h_label": {
      "windows_evaluated": 2,
      "metrics": {
        "roc_auc": {
          "mean": 0.6165329309827967,
          "std": 0.07237400725070225
        },
        "pr_auc": {
          "mean": 0.16158454608437525,
          "std": 0.08722443740958204
        },
        "brier": {
          "mean": 0.1907717224097656,
          "std": 0.03330368630585345
        },
        "log_loss": {
          "mean": 0.5648242848064933,
          "std": 0.07331483979246314
        },
        "accuracy": {
          "mean": 0.821251902587519,
          "std": 0.06754185692541859
        },
        "precision": {
          "mean": 0.15873872057266725,
          "std": 0.08644956394616123
        },
        "recall": {
          "mean": 0.2449626185266229,
          "std": 0.1824626185266229
        },
        "f1": {
          "mean": 0.18932917817233322,
          "std": 0.12229007202708184
        },
        "ece_10_bins": {
          "mean": 0.30592845814239666,
          "std": 0.023121268609499035
        }
      }
    },
    "transformer_overload_72h_label": {
      "windows_evaluated": 2,
      "metrics": {
        "roc_auc": {
          "mean": 0.6086874548377856,
          "std": 0.028491378027713232
        },
        "pr_auc": {
          "mean": 0.1657967513791342,
          "std": 0.020487483843951257
        },
        "brier": {
          "mean": 0.19955474733751488,
          "std": 0.04249512234248855
        },
        "log_loss": {
          "mean": 0.5876368861621803,
          "std": 0.09208513311099262
        },
        "accuracy": {
          "mean": 0.7515696347031964,
          "std": 0.00870433789954339
        },
        "precision": {
          "mean": 0.17172986092889006,
          "std": 0.034351220152191025
        },
        "recall": {
          "mean": 0.28101736972704716,
          "std": 0.04693961952026468
        },
        "f1": {
          "mean": 0.21312683336104662,
          "std": 0.03998519983397411
        },
        "ece_10_bins": {
          "mean": 0.28968505872862615,
          "std": 0.0688357866521536
        }
      }
    },
    "water_failure_72h_label": {
      "windows_evaluated": 2,
      "metrics": {
        "roc_auc": {
          "mean": 0.5813181362166495,
          "std": 0.06500788884760383
        },
        "pr_auc": {
          "mean": 0.14628772085300445,
          "std": 0.0033483755570054563
        },
        "brier": {
          "mean": 0.24852906166491645,
          "std": 0.0012972946631980287
        },
        "log_loss": {
          "mean": 0.6898864158899665,
          "std": 0.0027185740343310116
        },
        "accuracy": {
          "mean": 0.159484398782344,
          "std": 0.05512747336377473
        },
        "precision": {
          "mean": 0.12120791810237638,
          "std": 0.01685099268380713
        },
        "recall": {
          "mean": 0.9575140449438202,
          "std": 0.0424859550561798
        },
        "f1": {
          "mean": 0.21445514173307811,
          "std": 0.025463841879516225
        },
        "ece_10_bins": {
          "mean": 0.37687420778715786,
          "std": 0.02141475566884432
        }
      }
    },
    "traffic_failure_72h_label": {
      "windows_evaluated": 2,
      "metrics": {
        "roc_auc": {
          "mean": 0.7844407967612907,
          "std": 0.0029289726405906658
        },
        "pr_auc": {
          "mean": 0.6223605927441067,
          "std": 0.04567041095870056
        },
        "brier": {
          "mean": 0.18308756738344972,
          "std": 0.008144089911229127
        },
        "log_loss": {
          "mean": 0.5524143155902013,
          "std": 0.013022153495238942
        },
        "accuracy": {
          "mean": 0.7230308219178083,
          "std": 0.000523211567732107
        },
        "precision": {
          "mean": 0.5375670081846653,
          "std": 0.0408582862976658
        },
        "recall": {
          "mean": 0.6948522778556133,
          "std": 0.06885849977058045
        },
        "f1": {
          "mean": 0.606092891237854,
          "std": 0.05218556595875934
        },
        "ece_10_bins": {
          "mean": 0.1433783001229142,
          "std": 0.03298007337986232
        }
      }
    }
  }
}